{
  "iteration": 256,
  "timestamp": "2025-11-10T02:19:34.946415",
  "stats": {
    "success": 0,
    "errors": 255,
    "local_model": 254,
    "api_fallback": 0,
    "total_time": 4998.784220933914
  }
}